{"cameraMode":{"drawMode":0,"name":"Shaded","section":"Shading Mode"},"sceneLighting":true,"audioPlay":false,"sceneViewState":{"showFog":true,"showMaterialUpdate":false,"showSkybox":true,"showFlares":true,"showImageEffects":true,"showParticleSystems":true},"in2DMode":false,"pivot":{"x":-1.050428867340088,"y":3.4384493827819826,"z":-2.421934127807617},"rotation":{"x":0.07730408757925034,"y":0.5436031818389893,"z":-0.05037122592329979,"w":0.8342573046684265},"size":2.0709292888641359,"orthographic":false}